Model,Test Accuracy,Train Accuracy,Precision,Recall,F1 Score,AUC
LinearRegression,0.7638888888888888,0.8309859154929577,0.7,0.8484848484848485,0.7671232876712328,0.8135198135198136
XGBoost,0.7916666666666666,0.9049295774647887,0.7368421052631579,0.8484848484848485,0.7887323943661972,0.8931623931623932
KNN,0.75,0.8626760563380281,0.6829268292682927,0.8484848484848485,0.7567567567567567,0.8407148407148407
DecisionTree,0.8194444444444444,0.897887323943662,0.7941176470588235,0.8181818181818182,0.8059701492537314,0.8547008547008548
RandomForest,0.8333333333333334,0.9683098591549296,0.7692307692307693,0.9090909090909092,0.8333333333333333,0.8923853923853925
