Model,Test Accuracy,Train Accuracy,Precision,Recall,F1 Score,AUC
LinearRegression,0.8055555555555556,0.8063380281690141,0.7435897435897436,0.8787878787878788,0.8055555555555556,0.7987567987567987
XGBoost,0.7916666666666666,0.8873239436619719,0.7142857142857143,0.9090909090909092,0.8,0.8694638694638694
KNN,0.7777777777777778,0.8450704225352113,0.7073170731707317,0.8787878787878788,0.7837837837837839,0.8088578088578089
DecisionTree,0.75,0.8838028169014085,0.7027027027027027,0.7878787878787878,0.7428571428571429,0.7680652680652682
RandomForest,0.8472222222222222,0.9612676056338028,0.8055555555555556,0.8787878787878788,0.8405797101449276,0.8752913752913754
